{"cameraMode":{"drawMode":0,"name":"Shaded","section":"Shading Mode"},"sceneLighting":true,"audioPlay":false,"sceneViewState":{"m_AlwaysRefresh":false,"showFog":true,"showSkybox":true,"showFlares":true,"showImageEffects":true,"showParticleSystems":true,"showVisualEffectGraphs":true,"m_FxEnabled":true},"in2DMode":false,"pivot":{"x":-2.575780153274536,"y":5.911739826202393,"z":111.14517974853516},"rotation":{"x":0.03903750330209732,"y":0.0182416383177042,"z":0.0009786373702809215,"w":0.9993664622306824},"size":10.125792503356934,"orthographic":false}